{"best/epoch": 2, "best/precision": 0.00684931506849315, "best/recall": 0.3333333333333333, "best/mAP_0.5": 0.010473684210526316, "best/mAP_0.5:0.95": 0.0024070656092285508, "Labels": {"_type": "images/separated", "width": 1600, "height": 1600, "format": "jpg", "count": 2, "filenames": ["media/images/Labels_0_fb506b7c92f3cad6513e.jpg", "media/images/Labels_0_99efdf7773706fadd3cd.jpg"], "captions": ["labels.jpg", "labels_correlogram.jpg"]}, "train/box_loss": 0.12445541471242905, "train/obj_loss": 0.03882608562707901, "train/cls_loss": 0.05726433917880058, "metrics/precision": 0.006756756756756757, "metrics/recall": 0.3333333333333333, "metrics/mAP_0.5": 0.011242937853107345, "metrics/mAP_0.5:0.95": 0.002238575418638978, "val/box_loss": 0.12338682264089584, "val/obj_loss": 0.032318115234375, "val/cls_loss": 0.05755005031824112, "x/lr0": 0.09729109000000001, "x/lr1": 0.00029109, "x/lr2": 0.00029109, "_timestamp": 1673937155, "_runtime": 51, "_step": 3}