{"best/epoch": 0, "best/precision": 0.0032467532467532465, "best/recall": 0.14285714285714285, "best/mAP_0.5": 0.003199842843326885, "best/mAP_0.5:0.95": 0.0006399685686653769, "Labels": {"_type": "images/separated", "width": 1600, "height": 1600, "format": "jpg", "count": 2, "filenames": ["media/images/Labels_0_fb506b7c92f3cad6513e.jpg", "media/images/Labels_0_99efdf7773706fadd3cd.jpg"], "captions": ["labels.jpg", "labels_correlogram.jpg"]}, "train/box_loss": 0.12489438056945801, "train/obj_loss": 0.04078017175197601, "train/cls_loss": 0.05636752024292946, "metrics/precision": 0.0032467532467532465, "metrics/recall": 0.14285714285714285, "metrics/mAP_0.5": 0.003199842843326885, "metrics/mAP_0.5:0.95": 0.0006399685686653769, "val/box_loss": 0.12712925672531128, "val/obj_loss": 0.03026580810546875, "val/cls_loss": 0.05733947828412056, "x/lr0": 0.1, "x/lr1": 0.0, "x/lr2": 0.0, "_timestamp": 1673937043, "_runtime": 36, "_step": 0, "_wandb": {"runtime": 68}}